entity_name,entity_url,signal_type,signal_text,signal_date,source_name,source_url,category_tag,confidence,scraped_at
"Move over, Apple: Meet the alternative app stores available in the EU and elsewhere",https://techcrunch.com/2026/02/22/move-over-apple-meet-the-alternative-app-stores-available-in-the-eu-and-elsewhere/,news_article,"Move over, Apple: Meet the alternative app stores available in the EU and elsewhere","Sun, 22 Feb 2026 09:00:21 +0000",TechCrunch,https://techcrunch.com/feed/,ai_activity,0.6,2026-02-22 15:51:16.747798
"Sam Altman would like remind you that humans use a lot of energy, too",https://techcrunch.com/2026/02/21/sam-altman-would-like-remind-you-that-humans-use-a-lot-of-energy-too/,news_article,"Sam Altman would like remind you that humans use a lot of energy, too","Sat, 21 Feb 2026 21:38:01 +0000",TechCrunch,https://techcrunch.com/feed/,general_tech,0.5,2026-02-22 15:51:16.747806
Wikipedia blacklists Archive.today after alleged DDoS attack,https://techcrunch.com/2026/02/21/wikipedia-blacklists-archive-today-after-alleged-ddos-attack/,news_article,Wikipedia blacklists Archive.today after alleged DDoS attack,"Sat, 21 Feb 2026 20:20:15 +0000",TechCrunch,https://techcrunch.com/feed/,general_tech,0.5,2026-02-22 15:51:16.747810
Microsoft’s new gaming CEO vows not to flood the ecosystem with ‘endless AI slop’,https://techcrunch.com/2026/02/21/microsofts-new-gaming-ceo-vows-not-to-flood-the-ecosystem-with-endless-ai-slop/,news_article,Microsoft’s new gaming CEO vows not to flood the ecosystem with ‘endless AI slop’,"Sat, 21 Feb 2026 17:41:27 +0000",TechCrunch,https://techcrunch.com/feed/,ai_activity,0.6,2026-02-22 15:51:16.747818
Google VP warns that two types of AI startups may not survive,https://techcrunch.com/2026/02/21/google-vp-warns-that-two-types-of-ai-startups-may-not-survive/,news_article,Google VP warns that two types of AI startups may not survive,"Sat, 21 Feb 2026 16:00:00 +0000",TechCrunch,https://techcrunch.com/feed/,ai_activity,0.6,2026-02-22 15:51:16.747821
OpenAI debated calling police about suspected Canadian shooter’s chats,https://techcrunch.com/2026/02/21/openai-debated-calling-police-about-suspected-canadian-shooters-chats/,news_article,OpenAI debated calling police about suspected Canadian shooter’s chats,"Sat, 21 Feb 2026 15:25:44 +0000",TechCrunch,https://techcrunch.com/feed/,ai_activity,0.6,2026-02-22 15:51:16.747826
7 days until ticket prices rise for TechCrunch Disrupt 2026,https://techcrunch.com/2026/02/21/7-days-until-ticket-prices-rise-for-techcrunch-disrupt-2026/,news_article,7 days until ticket prices rise for TechCrunch Disrupt 2026,"Sat, 21 Feb 2026 15:00:00 +0000",TechCrunch,https://techcrunch.com/feed/,general_tech,0.5,2026-02-22 15:51:16.747829
India’s Sarvam launches Indus AI chat app as competition heats up,https://techcrunch.com/2026/02/20/indias-sarvam-launches-indus-ai-chat-app-as-competition-heats-up/,news_article,India’s Sarvam launches Indus AI chat app as competition heats up,"Sat, 21 Feb 2026 01:00:00 +0000",TechCrunch,https://techcrunch.com/feed/,product_update,0.8,2026-02-22 15:51:16.747833
The creator economy’s ad revenue problem and India’s AI ambitions,https://techcrunch.com/video/the-creator-economys-ad-revenue-problem-and-indias-ai-ambitions/,news_article,The creator economy’s ad revenue problem and India’s AI ambitions,"Fri, 20 Feb 2026 23:00:00 +0000",TechCrunch,https://techcrunch.com/feed/,ai_activity,0.6,2026-02-22 15:51:16.747837
"Remember HQ? ‘Quiz Daddy’ Scott Rogowsky is back with TextSavvy, a daily mobile game show",https://techcrunch.com/2026/02/20/remember-hq-quiz-daddy-scott-rogowsky-is-back-with-textsavvy-a-daily-mobile-game-show/,news_article,"Remember HQ? ‘Quiz Daddy’ Scott Rogowsky is back with TextSavvy, a daily mobile game show","Fri, 20 Feb 2026 21:00:00 +0000",TechCrunch,https://techcrunch.com/feed/,ai_activity,0.6,2026-02-22 15:51:16.747841
Anthropic-funded group backs candidate attacked by rival AI super PAC,https://techcrunch.com/2026/02/20/anthropic-funded-group-backs-candidate-attacked-by-rival-ai-super-pac/,news_article,Anthropic-funded group backs candidate attacked by rival AI super PAC,"Fri, 20 Feb 2026 20:52:48 +0000",TechCrunch,https://techcrunch.com/feed/,ai_activity,0.6,2026-02-22 15:51:16.747844
"Apple’s iOS 26.4 arrives in public beta with AI music playlists, video podcasts, and more",https://techcrunch.com/2026/02/20/apples-ios-26-4-arrives-in-public-beta-with-ai-music-playlists-video-podcasts-and-more/,news_article,"Apple’s iOS 26.4 arrives in public beta with AI music playlists, video podcasts, and more","Fri, 20 Feb 2026 19:44:22 +0000",TechCrunch,https://techcrunch.com/feed/,ai_activity,0.6,2026-02-22 15:51:16.747849
InScope nabs $14.5M to solve the pain of financial reporting,https://techcrunch.com/2026/02/20/inscope-nabs-14-5m-to-solve-the-pain-of-financial-reporting/,news_article,InScope nabs $14.5M to solve the pain of financial reporting,"Fri, 20 Feb 2026 19:24:57 +0000",TechCrunch,https://techcrunch.com/feed/,ai_activity,0.6,2026-02-22 15:51:16.747852
Great news for xAI: Grok is now pretty good at answering questions about Baldur’s Gate,https://techcrunch.com/2026/02/20/great-news-for-xai-grok-is-now-pretty-good-at-answering-questions-about-baldurs-gate/,news_article,Great news for xAI: Grok is now pretty good at answering questions about Baldur’s Gate,"Fri, 20 Feb 2026 18:26:54 +0000",TechCrunch,https://techcrunch.com/feed/,ai_activity,0.6,2026-02-22 15:51:16.747855
Ukrainian man jailed for identity theft that helped North Koreans get jobs at US companies,https://techcrunch.com/2026/02/20/ukrainian-man-jailed-for-identity-theft-that-helped-north-koreans-get-jobs-at-us-companies/,news_article,Ukrainian man jailed for identity theft that helped North Koreans get jobs at US companies,"Fri, 20 Feb 2026 17:38:59 +0000",TechCrunch,https://techcrunch.com/feed/,ai_activity,0.6,2026-02-22 15:51:16.747858
Tesla loses bid to overturn $243M Autopilot verdict,https://techcrunch.com/2026/02/20/tesla-loses-bid-to-overturn-243m-autopilot-verdict/,news_article,Tesla loses bid to overturn $243M Autopilot verdict,"Fri, 20 Feb 2026 17:37:24 +0000",TechCrunch,https://techcrunch.com/feed/,general_tech,0.5,2026-02-22 15:51:16.747861
Threads posts can now be shared directly to your Instagram Story without leaving the app,https://techcrunch.com/2026/02/20/threads-posts-can-now-be-shared-directly-to-your-instagram-story-without-leaving-the-app/,news_article,Threads posts can now be shared directly to your Instagram Story without leaving the app,"Fri, 20 Feb 2026 16:55:12 +0000",TechCrunch,https://techcrunch.com/feed/,general_tech,0.5,2026-02-22 15:51:16.747864
‘Toy Story 5’ takes aim at creepy AI toys: ‘I’m always listening’,https://techcrunch.com/2026/02/20/toy-story-5-takes-aim-at-creepy-ai-toys-im-always-listening/,news_article,‘Toy Story 5’ takes aim at creepy AI toys: ‘I’m always listening’,"Fri, 20 Feb 2026 16:25:54 +0000",TechCrunch,https://techcrunch.com/feed/,ai_activity,0.6,2026-02-22 15:51:16.747868
Meta’s metaverse leaves virtual reality,https://techcrunch.com/2026/02/20/meta-metaverse-leaves-vr-horizon-worlds-mobile/,news_article,Meta’s metaverse leaves virtual reality,"Fri, 20 Feb 2026 16:00:53 +0000",TechCrunch,https://techcrunch.com/feed/,general_tech,0.5,2026-02-22 15:51:16.747871
Lucid Motors slashes 12% of its workforce as it seeks profitability,https://techcrunch.com/2026/02/20/lucid-motors-slashes-12-of-its-workforce-as-it-seeks-profitability/,news_article,Lucid Motors slashes 12% of its workforce as it seeks profitability,"Fri, 20 Feb 2026 15:51:18 +0000",TechCrunch,https://techcrunch.com/feed/,general_tech,0.5,2026-02-22 15:51:16.747875
Why creators are ditching ad revenue for chocolate bars and fintech acquisitions,https://techcrunch.com/podcast/why-creators-are-ditching-ad-revenue-for-chocolate-bars-and-fintech-acquisitions/,news_article,Why creators are ditching ad revenue for chocolate bars and fintech acquisitions,"Fri, 20 Feb 2026 22:24:37 +0000",TechCrunch Startups,https://techcrunch.com/category/startups/feed/,general_tech,0.5,2026-02-22 15:51:18.073882
Prepare for pitch battle: Startup Battlefield 200 nominations are open,https://techcrunch.com/2026/02/20/prepare-for-pitch-battle-startup-battlefield-200-nominations-are-open/,news_article,Prepare for pitch battle: Startup Battlefield 200 nominations are open,"Fri, 20 Feb 2026 15:30:00 +0000",TechCrunch Startups,https://techcrunch.com/category/startups/feed/,general_tech,0.5,2026-02-22 15:51:18.073895
"Peak XV raises $1.3B, doubles down on AI as global VC rivalry in India heats up",https://techcrunch.com/2026/02/20/peak-xv-raises-1-3b-doubles-down-on-ai-as-global-vc-rivalry-in-india-heats-up/,news_article,"Peak XV raises $1.3B, doubles down on AI as global VC rivalry in India heats up","Fri, 20 Feb 2026 15:10:40 +0000",TechCrunch Startups,https://techcrunch.com/category/startups/feed/,funding,0.9,2026-02-22 15:51:18.073900
TechCrunch Disrupt 2026 Super Early Bird rates end in 1 week,https://techcrunch.com/2026/02/20/techcrunch-disrupt-2026-super-early-bird-rates-end-in-1-week/,news_article,TechCrunch Disrupt 2026 Super Early Bird rates end in 1 week,"Fri, 20 Feb 2026 15:00:00 +0000",TechCrunch Startups,https://techcrunch.com/category/startups/feed/,general_tech,0.5,2026-02-22 15:51:18.073906
The OpenAI mafia: 18 startups founded by alumni,https://techcrunch.com/2026/02/20/the-openai-mafia-15-of-the-most-notable-startups-founded-by-alumni/,news_article,The OpenAI mafia: 18 startups founded by alumni,"Fri, 20 Feb 2026 12:45:55 +0000",TechCrunch Startups,https://techcrunch.com/category/startups/feed/,ai_activity,0.6,2026-02-22 15:51:18.073912
General Catalyst commits $5B to India over five years,https://techcrunch.com/2026/02/19/general-catalyst-commits-5b-to-india-over-five-years/,news_article,General Catalyst commits $5B to India over five years,"Fri, 20 Feb 2026 06:41:44 +0000",TechCrunch Startups,https://techcrunch.com/category/startups/feed/,general_tech,0.5,2026-02-22 15:51:18.073917
Ali Partovi’s Neo looks to upend the accelerator model with low-dilution terms,https://techcrunch.com/2026/02/19/ali-partovis-neo-looks-to-upend-the-accelerator-model-with-low-dilution-terms/,news_article,Ali Partovi’s Neo looks to upend the accelerator model with low-dilution terms,"Fri, 20 Feb 2026 06:13:55 +0000",TechCrunch Startups,https://techcrunch.com/category/startups/feed/,general_tech,0.5,2026-02-22 15:51:18.073924
Nvidia deepens early-stage push into India’s AI startup ecosystem,https://techcrunch.com/2026/02/19/nvidia-deepens-early-stage-push-into-indias-ai-startup-ecosystem/,news_article,Nvidia deepens early-stage push into India’s AI startup ecosystem,"Fri, 20 Feb 2026 00:30:00 +0000",TechCrunch Startups,https://techcrunch.com/category/startups/feed/,ai_activity,0.6,2026-02-22 15:51:18.073930
Second and last chance for innovators to win scaling perks: Belden extends nomination window,https://techcrunch.com/2026/02/19/second-and-last-chance-for-innovators-to-win-scaling-perks-belden-extends-nomination-window/,news_article,Second and last chance for innovators to win scaling perks: Belden extends nomination window,"Thu, 19 Feb 2026 22:23:15 +0000",TechCrunch Startups,https://techcrunch.com/category/startups/feed/,general_tech,0.5,2026-02-22 15:51:18.073935
Why these startup CEOs don’t think AI will replace human roles,https://techcrunch.com/2026/02/19/web-summit-qatar-read-ai-lucidya-notetakers-customer-support/,news_article,Why these startup CEOs don’t think AI will replace human roles,"Thu, 19 Feb 2026 20:47:22 +0000",TechCrunch Startups,https://techcrunch.com/category/startups/feed/,ai_activity,0.6,2026-02-22 15:51:18.073941
Reload wants to give your AI agents a shared memory,https://techcrunch.com/2026/02/19/reload-an-ai-employee-agent-management-platform-raises-2-275m-and-launches-an-ai-employee/,news_article,Reload wants to give your AI agents a shared memory,"Thu, 19 Feb 2026 15:00:00 +0000",TechCrunch Startups,https://techcrunch.com/category/startups/feed/,ai_activity,0.6,2026-02-22 15:51:18.073946
Co-founders behind Reface and Prisma join hands to improve on-device model inference with Mirai,https://techcrunch.com/2026/02/19/co-founders-behind-reface-and-prisma-join-hands-to-improve-on-device-model-inference-with-mirai/,news_article,Co-founders behind Reface and Prisma join hands to improve on-device model inference with Mirai,"Thu, 19 Feb 2026 14:43:58 +0000",TechCrunch Startups,https://techcrunch.com/category/startups/feed/,ai_activity,0.6,2026-02-22 15:51:18.073951
Freeform raises $67M Series B to scale up laser AI manufacturing,https://techcrunch.com/2026/02/19/freeform-raises-67m-series-b-to-scale-up-laser-ai-manufacturing/,news_article,Freeform raises $67M Series B to scale up laser AI manufacturing,"Thu, 19 Feb 2026 13:00:00 +0000",TechCrunch Startups,https://techcrunch.com/category/startups/feed/,funding,0.9,2026-02-22 15:51:18.073960
Railway secures $100 million to challenge AWS with AI-native cloud infrastructure,https://venturebeat.com/infrastructure/railway-secures-usd100-million-to-challenge-aws-with-ai-native-cloud,news_article,Railway secures $100 million to challenge AWS with AI-native cloud infrastructure,"Thu, 22 Jan 2026 14:00:00 GMT",VentureBeat AI,https://venturebeat.com/category/ai/feed/,ai_activity,0.6,2026-02-22 15:51:19.533724
Claude Code costs up to $200 a month. Goose does the same thing for free.,https://venturebeat.com/infrastructure/claude-code-costs-up-to-usd200-a-month-goose-does-the-same-thing-for-free,news_article,Claude Code costs up to $200 a month. Goose does the same thing for free.,"Mon, 19 Jan 2026 14:00:00 GMT",VentureBeat AI,https://venturebeat.com/category/ai/feed/,general_tech,0.5,2026-02-22 15:51:19.533729
Listen Labs raises $69M after viral billboard hiring stunt to scale AI customer interviews,https://venturebeat.com/technology/listen-labs-raises-usd69m-after-viral-billboard-hiring-stunt-to-scale-ai,news_article,Listen Labs raises $69M after viral billboard hiring stunt to scale AI customer interviews,"Fri, 16 Jan 2026 14:01:00 GMT",VentureBeat AI,https://venturebeat.com/category/ai/feed/,funding,0.9,2026-02-22 15:51:19.533732
Salesforce rolls out new Slackbot AI agent as it battles Microsoft and Google in workplace AI,https://venturebeat.com/technology/salesforce-rolls-out-new-slackbot-ai-agent-as-it-battles-microsoft-and,news_article,Salesforce rolls out new Slackbot AI agent as it battles Microsoft and Google in workplace AI,"Tue, 13 Jan 2026 13:00:00 GMT",VentureBeat AI,https://venturebeat.com/category/ai/feed/,ai_activity,0.6,2026-02-22 15:51:19.533735
"Anthropic launches Cowork, a Claude Desktop agent that works in your files — no coding required",https://venturebeat.com/technology/anthropic-launches-cowork-a-claude-desktop-agent-that-works-in-your-files-no,news_article,"Anthropic launches Cowork, a Claude Desktop agent that works in your files — no coding required","Mon, 12 Jan 2026 11:30:00 GMT",VentureBeat AI,https://venturebeat.com/category/ai/feed/,product_update,0.8,2026-02-22 15:51:19.533740
Nous Research's NousCoder-14B is an open-source coding model landing right in the Claude Code moment,https://venturebeat.com/technology/nous-researchs-nouscoder-14b-is-an-open-source-coding-model-landing-right-in,news_article,Nous Research's NousCoder-14B is an open-source coding model landing right in the Claude Code moment,"Wed, 07 Jan 2026 20:00:00 GMT",VentureBeat AI,https://venturebeat.com/category/ai/feed/,general_tech,0.5,2026-02-22 15:51:19.533744
"The creator of Claude Code just revealed his workflow, and developers are losing their minds",https://venturebeat.com/technology/the-creator-of-claude-code-just-revealed-his-workflow-and-developers-are,news_article,"The creator of Claude Code just revealed his workflow, and developers are losing their minds","Mon, 05 Jan 2026 07:45:00 GMT",VentureBeat AI,https://venturebeat.com/category/ai/feed/,general_tech,0.5,2026-02-22 15:51:19.533747
Apple integrates Anthropic’s Claude and OpenAI’s Codex into Xcode 26.3 in push for ‘agentic coding’,https://venturebeat.com/technology/apple-integrates-anthropics-claude-and-openais-codex-into-xcode-26-3-in-push,news_article,Apple integrates Anthropic’s Claude and OpenAI’s Codex into Xcode 26.3 in push for ‘agentic coding’,"Tue, 03 Feb 2026 20:45:00 GMT",VentureBeat Business,https://venturebeat.com/category/business/feed/,ai_activity,0.6,2026-02-22 15:51:20.907117
A European AI challenger goes after GitHub Copilot: Mistral launches Vibe 2.0,https://venturebeat.com/technology/a-european-ai-challenger-goes-after-github-copilot-mistral-launches-vibe-2-0,news_article,A European AI challenger goes after GitHub Copilot: Mistral launches Vibe 2.0,"Tue, 27 Jan 2026 15:00:00 GMT",VentureBeat Business,https://venturebeat.com/category/business/feed/,product_update,0.8,2026-02-22 15:51:20.907123
"While everyone talks about an AI bubble, Salesforce quietly added 6,000 enterprise customers in 3 months",https://venturebeat.com/technology/while-everyone-talks-about-an-ai-bubble-salesforce-quietly-added-6-000,news_article,"While everyone talks about an AI bubble, Salesforce quietly added 6,000 enterprise customers in 3 months","Mon, 22 Dec 2025 14:00:00 GMT",VentureBeat Business,https://venturebeat.com/category/business/feed/,ai_activity,0.6,2026-02-22 15:51:20.907127
Software commands 40% of cybersecurity budgets as gen AI attacks execute in milliseconds,https://venturebeat.com/business/software-is-40-of-security-budgets-as-cisos-shift-to-ai-defense,news_article,Software commands 40% of cybersecurity budgets as gen AI attacks execute in milliseconds,"Sat, 30 Aug 2025 01:06:26 GMT",VentureBeat Business,https://venturebeat.com/category/business/feed/,ai_activity,0.6,2026-02-22 15:51:20.907131
How Intuit killed the chatbot crutch – and built an agentic AI playbook you can copy,https://venturebeat.com/business/how-intuit-killed-the-chatbot-crutch-and-built-an-agentic-ai-playbook-you-can-copy,news_article,How Intuit killed the chatbot crutch – and built an agentic AI playbook you can copy,"Fri, 29 Aug 2025 18:22:47 GMT",VentureBeat Business,https://venturebeat.com/category/business/feed/,ai_activity,0.6,2026-02-22 15:51:20.907135
"Nvidia’s $46.7B Q2 proves the platform, but its next fight is ASIC economics on inference",https://venturebeat.com/business/nvidias-strong-q2-results-cant-mask-the-asic-challenge-in-their-future,news_article,"Nvidia’s $46.7B Q2 proves the platform, but its next fight is ASIC economics on inference","Thu, 28 Aug 2025 21:09:54 GMT",VentureBeat Business,https://venturebeat.com/category/business/feed/,general_tech,0.5,2026-02-22 15:51:20.907140
"At 21, he bootstrapped Kuse.ai to $10M ARR in 60 days, no VC, zero marketing spend",https://venturebeat.com/business/at-21-he-bootstrapped-kuse-ai-to-10m-arr-in-60-days-no-vc-zero-marketing-spend,news_article,"At 21, he bootstrapped Kuse.ai to $10M ARR in 60 days, no VC, zero marketing spend","Tue, 26 Aug 2025 20:39:57 GMT",VentureBeat Business,https://venturebeat.com/category/business/feed/,ai_activity,0.6,2026-02-22 15:51:20.907143
Arturia’s FX Collection 6 adds two new effects and a $99 intro version,https://www.theverge.com/tech/882852/arturia-fx-collection-6,news_article,Arturia’s FX Collection 6 adds two new effects and a $99 intro version,2026-02-21T16:10:01-05:00,The Verge Tech,https://www.theverge.com/rss/index.xml,general_tech,0.5,2026-02-22 15:51:24.362295
Georgia says Elon Musk’s America PAC violated election law,https://www.theverge.com/tech/882838/georgia-elon-musk-america-pac-voter-fraud,news_article,Georgia says Elon Musk’s America PAC violated election law,2026-02-21T11:55:36-05:00,The Verge Tech,https://www.theverge.com/rss/index.xml,general_tech,0.5,2026-02-22 15:51:24.362302
Suspect in Tumbler Ridge school shooting described violent scenarios to ChatGPT,https://www.theverge.com/ai-artificial-intelligence/882814/tumbler-ridge-school-shooting-chatgpt,news_article,Suspect in Tumbler Ridge school shooting described violent scenarios to ChatGPT,2026-02-21T10:22:57-05:00,The Verge Tech,https://www.theverge.com/rss/index.xml,general_tech,0.5,2026-02-22 15:51:24.362306
The Pixel 10A and Soundcore Space One are just two of the best deals this week,https://www.theverge.com/gadgets/881998/google-pixel-10a-anker-351-power-strip-deal-sale,news_article,The Pixel 10A and Soundcore Space One are just two of the best deals this week,2026-02-21T09:45:21-05:00,The Verge Tech,https://www.theverge.com/rss/index.xml,general_tech,0.5,2026-02-22 15:51:24.362310
Aerial_Knight’s DropShot captures the thrill of skydiving and makes it stylish,https://www.theverge.com/games/875259/dropshot-aerial-knight-review-pc-playstation-xbox,news_article,Aerial_Knight’s DropShot captures the thrill of skydiving and makes it stylish,2026-02-21T09:00:00-05:00,The Verge Tech,https://www.theverge.com/rss/index.xml,general_tech,0.5,2026-02-22 15:51:24.362315
Stellantis is in a crisis of its own making,https://www.theverge.com/transportation/881987/stellantis-crisis-ev-loss-sales-regulations,news_article,Stellantis is in a crisis of its own making,2026-02-21T08:00:00-05:00,The Verge Tech,https://www.theverge.com/rss/index.xml,general_tech,0.5,2026-02-22 15:51:24.362319
"Anker’s X1 Pro shouldn’t exist, but I’m so glad it does",https://www.theverge.com/tech/881788/soundcore-nebula-x1-pro-review-comparison-x1,news_article,"Anker’s X1 Pro shouldn’t exist, but I’m so glad it does",2026-02-21T03:00:00-05:00,The Verge Tech,https://www.theverge.com/rss/index.xml,general_tech,0.5,2026-02-22 15:51:24.362323
The best e-reader to buy right now,https://www.theverge.com/23769068/best-ebook-readers,news_article,The best e-reader to buy right now,2026-02-20T17:19:29-05:00,The Verge Tech,https://www.theverge.com/rss/index.xml,general_tech,0.5,2026-02-22 15:51:24.362327
Xbox shakeup: Phil Spencer and Sarah Bond are leaving Microsoft,https://www.theverge.com/games/882363/xbox-microsoft-phil-spencer-out,news_article,Xbox shakeup: Phil Spencer and Sarah Bond are leaving Microsoft,2026-02-20T16:29:01-05:00,The Verge Tech,https://www.theverge.com/rss/index.xml,general_tech,0.5,2026-02-22 15:51:24.362330
Microsoft says today’s Xbox shake-up doesn’t mean game studio layoffs,https://www.theverge.com/games/882377/microsoft-says-todays-xbox-shakeup-doesnt-mean-game-studio-layoffs,news_article,Microsoft says today’s Xbox shake-up doesn’t mean game studio layoffs,2026-02-20T15:58:27-05:00,The Verge Tech,https://www.theverge.com/rss/index.xml,general_tech,0.5,2026-02-22 15:51:24.362335
The Week’s 10 Biggest Funding Rounds: World Labs Leads Another AI-Heavy Lineup,https://news.crunchbase.com/venture/biggest-funding-rounds-cloud-energy-ai-world-labs/,news_article,The Week’s 10 Biggest Funding Rounds: World Labs Leads Another AI-Heavy Lineup,"Fri, 20 Feb 2026 19:16:37 +0000",Crunchbase News,https://news.crunchbase.com/feed/,ai_activity,0.6,2026-02-22 15:51:26.710530
"AI Seed Trends: More Multimedia, Backend Automation, Agentic Security, And Yes, Robots",https://news.crunchbase.com/venture/data-ai-seed-trends-multimedia-automation-cybersecurity-robots/,news_article,"AI Seed Trends: More Multimedia, Backend Automation, Agentic Security, And Yes, Robots","Fri, 20 Feb 2026 12:00:03 +0000",Crunchbase News,https://news.crunchbase.com/feed/,ai_activity,0.6,2026-02-22 15:51:26.710537
Exclusive: Ownwell Lands $30M To Help Homeowners Lower Their Property Tax Bills,https://news.crunchbase.com/venture/ownwell-raise-lower-homeowner-property-tax/,news_article,Exclusive: Ownwell Lands $30M To Help Homeowners Lower Their Property Tax Bills,"Thu, 19 Feb 2026 15:00:32 +0000",Crunchbase News,https://news.crunchbase.com/feed/,general_tech,0.5,2026-02-22 15:51:26.710541
Innovation Is A Game Of Two Halves,https://news.crunchbase.com/venture/public-private-market-innovation-gray-odin/,news_article,Innovation Is A Game Of Two Halves,"Thu, 19 Feb 2026 12:00:31 +0000",Crunchbase News,https://news.crunchbase.com/feed/,general_tech,0.5,2026-02-22 15:51:26.710544
Crunchbase Data: The AI Boom Has Drastically Changed Who’s Funding The Hottest Companies In 2025 Vs. 2021,https://news.crunchbase.com/venture/data-2025-vs-2021-funding-hottest-companies-ai/,news_article,Crunchbase Data: The AI Boom Has Drastically Changed Who’s Funding The Hottest Companies In 2025 Vs. 2021,"Thu, 19 Feb 2026 12:00:20 +0000",Crunchbase News,https://news.crunchbase.com/feed/,ai_activity,0.6,2026-02-22 15:51:26.710549
The Crunchbase Tech Layoffs Tracker,https://news.crunchbase.com/startups/tech-layoffs/,news_article,The Crunchbase Tech Layoffs Tracker,"Wed, 18 Feb 2026 18:53:30 +0000",Crunchbase News,https://news.crunchbase.com/feed/,general_tech,0.5,2026-02-22 15:51:26.710553
"Digital Savings Startup Vestwell Lands $385M, Doubles Valuation",https://news.crunchbase.com/fintech/digital-savings-startup-vestwell-seriese-doubles-valuation/,news_article,"Digital Savings Startup Vestwell Lands $385M, Doubles Valuation","Wed, 18 Feb 2026 13:00:17 +0000",Crunchbase News,https://news.crunchbase.com/feed/,general_tech,0.5,2026-02-22 15:51:26.710556
Biotech Startup M&A Is Reliably Delivering Some Big Exits,https://news.crunchbase.com/health-wellness-biotech/startup-ma-ipo-delivering-exits/,news_article,Biotech Startup M&A Is Reliably Delivering Some Big Exits,"Wed, 18 Feb 2026 12:00:33 +0000",Crunchbase News,https://news.crunchbase.com/feed/,general_tech,0.5,2026-02-22 15:51:26.710560
Only 2 States Saw Their Share Of US Venture Funding Rise Last Year,https://news.crunchbase.com/venture/states-us-funding-share-rose-fell-2025/,news_article,Only 2 States Saw Their Share Of US Venture Funding Rise Last Year,"Tue, 17 Feb 2026 12:00:57 +0000",Crunchbase News,https://news.crunchbase.com/feed/,general_tech,0.5,2026-02-22 15:51:26.710563
The Week’s 10 Biggest Funding Rounds: Anthropic Leads In A Big Week For Giant Rounds,https://news.crunchbase.com/venture/biggest-funding-rounds-anthropic-leads-ai-robotics/,news_article,The Week’s 10 Biggest Funding Rounds: Anthropic Leads In A Big Week For Giant Rounds,"Fri, 13 Feb 2026 19:32:59 +0000",Crunchbase News,https://news.crunchbase.com/feed/,general_tech,0.5,2026-02-22 15:51:26.710567
OpenAI Forecasts Its Revenue Will Top $280 Billion in 2030,https://finance.yahoo.com/news/openai-forecasts-revenue-top-280-230738108.html,news_article,OpenAI Forecasts Its Revenue Will Top $280 Billion in 2030,2026-02-20T23:07:38Z,Yahoo Tech,https://news.yahoo.com/tech/rss,ai_activity,0.6,2026-02-22 15:51:29.937442
UAE’s G42 teams up with Cerebras to deploy 8 exaflops of compute in India,https://finance.yahoo.com/news/uae-g42-teams-cerebras-deploy-115815585.html,news_article,UAE’s G42 teams up with Cerebras to deploy 8 exaflops of compute in India,2026-02-20T11:58:15Z,Yahoo Tech,https://news.yahoo.com/tech/rss,general_tech,0.5,2026-02-22 15:51:29.937451
Analysis-New cybersecurity rules for US defense industry create barrier for some small suppliers,https://finance.yahoo.com/news/analysis-cybersecurity-rules-us-defense-110251610.html,news_article,Analysis-New cybersecurity rules for US defense industry create barrier for some small suppliers,2026-02-20T11:02:51Z,Yahoo Tech,https://news.yahoo.com/tech/rss,general_tech,0.5,2026-02-22 15:51:29.937460
Tesla cuts price of Cybertruck model Cyberbeast in US,https://finance.yahoo.com/news/tesla-cuts-price-cybertruck-model-024719429.html,news_article,Tesla cuts price of Cybertruck model Cyberbeast in US,2026-02-20T02:51:28Z,Yahoo Tech,https://news.yahoo.com/tech/rss,general_tech,0.5,2026-02-22 15:51:29.937466
Exclusive eBook: The great Al hype correction of 2025,https://www.technologyreview.com/2026/02/20/1133368/exclusive-ebook-the-great-al-hype-correction-of-2025/,news_article,Exclusive eBook: The great Al hype correction of 2025,"Fri, 20 Feb 2026 18:46:07 +0000",MIT Tech Review,https://www.technologyreview.com/feed/,general_tech,0.5,2026-02-22 15:51:31.454387
"The Download: Microsoft’s online reality check, and the worrying rise in measles cases",https://www.technologyreview.com/2026/02/20/1133396/the-download-microsofts-online-reality-check-and-the-worrying-rise-in-measles-cases/,news_article,"The Download: Microsoft’s online reality check, and the worrying rise in measles cases","Fri, 20 Feb 2026 13:10:00 +0000",MIT Tech Review,https://www.technologyreview.com/feed/,general_tech,0.5,2026-02-22 15:51:31.454405
Job titles of the future: Breast biomechanic,https://www.technologyreview.com/2026/02/20/1132629/job-titles-future-breast-biomechanic/,news_article,Job titles of the future: Breast biomechanic,"Fri, 20 Feb 2026 11:00:00 +0000",MIT Tech Review,https://www.technologyreview.com/feed/,general_tech,0.5,2026-02-22 15:51:31.454413
Community service,https://www.technologyreview.com/2026/02/20/1132640/community-service-science-fiction-story/,news_article,Community service,"Fri, 20 Feb 2026 11:00:00 +0000",MIT Tech Review,https://www.technologyreview.com/feed/,general_tech,0.5,2026-02-22 15:51:31.454420
Measles cases are rising. Other vaccine-preventable infections could be next.,https://www.technologyreview.com/2026/02/20/1133365/measles-cases-rising-vaccine-preventable-infections-mumps-hepatitis-b/,news_article,Measles cases are rising. Other vaccine-preventable infections could be next.,"Fri, 20 Feb 2026 10:00:00 +0000",MIT Tech Review,https://www.technologyreview.com/feed/,general_tech,0.5,2026-02-22 15:51:31.454428
Microsoft has a new plan to prove what’s real and what’s AI online,https://www.technologyreview.com/2026/02/19/1133360/microsoft-has-a-new-plan-to-prove-whats-real-and-whats-ai-online/,news_article,Microsoft has a new plan to prove what’s real and what’s AI online,"Thu, 19 Feb 2026 16:00:00 +0000",MIT Tech Review,https://www.technologyreview.com/feed/,ai_activity,0.6,2026-02-22 15:51:31.454439
"The Download: autonomous narco submarines, and virtue signaling chatbots",https://www.technologyreview.com/2026/02/19/1133339/the-download-autonomous-narco-submarines-and-virtue-signaling-chatbots/,news_article,"The Download: autonomous narco submarines, and virtue signaling chatbots","Thu, 19 Feb 2026 13:10:00 +0000",MIT Tech Review,https://www.technologyreview.com/feed/,general_tech,0.5,2026-02-22 15:51:31.454446
How uncrewed narco subs could transform the Colombian drug trade,https://www.technologyreview.com/2026/02/19/1132619/uncrewed-narco-subs-transform-columbian-drug-trade/,news_article,How uncrewed narco subs could transform the Colombian drug trade,"Thu, 19 Feb 2026 11:00:00 +0000",MIT Tech Review,https://www.technologyreview.com/feed/,general_tech,0.5,2026-02-22 15:51:31.454454
The building legal case for global climate justice,https://www.technologyreview.com/2026/02/19/1132877/legal-climate-justice/,news_article,The building legal case for global climate justice,"Thu, 19 Feb 2026 11:00:00 +0000",MIT Tech Review,https://www.technologyreview.com/feed/,general_tech,0.5,2026-02-22 15:51:31.454461
What it takes to make agentic AI work in retail,https://www.technologyreview.com/2026/02/19/1133324/what-it-takes-to-make-agentic-ai-work-in-retail/,news_article,What it takes to make agentic AI work in retail,"Thu, 19 Feb 2026 08:54:41 +0000",MIT Tech Review,https://www.technologyreview.com/feed/,ai_activity,0.6,2026-02-22 15:51:31.454468
The best web hosting services of 2026: Expert tested and reviewed,https://www.zdnet.com/article/best-web-hosting/,news_article,The best web hosting services of 2026: Expert tested and reviewed,"Sun, 22 Feb 2026 10:00:51 GMT",ZDNet,https://www.zdnet.com/news/rss.xml,general_tech,0.5,2026-02-22 15:51:33.323107
I replaced my old car charger with this Qi2 device - for less than $20,https://www.zdnet.com/article/esr-qi2-15w-review/,news_article,I replaced my old car charger with this Qi2 device - for less than $20,"Sat, 21 Feb 2026 20:00:48 GMT",ZDNet,https://www.zdnet.com/news/rss.xml,general_tech,0.5,2026-02-22 15:51:33.323118
The best indoor TV antenna of 2026: Expert recommended,https://www.zdnet.com/article/best-indoor-tv-antenna/,news_article,The best indoor TV antenna of 2026: Expert recommended,"Sat, 21 Feb 2026 13:00:53 GMT",ZDNet,https://www.zdnet.com/news/rss.xml,general_tech,0.5,2026-02-22 15:51:33.323124
This $5 cleaning gel did wonders for my keyboard - and 4 other PC cleaning tips,https://www.zdnet.com/article/how-to-clean-your-pc/,news_article,This $5 cleaning gel did wonders for my keyboard - and 4 other PC cleaning tips,"Sat, 21 Feb 2026 12:15:48 GMT",ZDNet,https://www.zdnet.com/news/rss.xml,general_tech,0.5,2026-02-22 15:51:33.323130
This upcoming work laptop is a productivity dream machine that hits all the right notes,https://www.zdnet.com/article/asus-expertbook-ultra-b9-review/,news_article,This upcoming work laptop is a productivity dream machine that hits all the right notes,"Sat, 21 Feb 2026 11:30:48 GMT",ZDNet,https://www.zdnet.com/news/rss.xml,general_tech,0.5,2026-02-22 15:51:33.323136
The best WordPress hosting services of 2026: Expert tested and reviewed,https://www.zdnet.com/article/best-wordpress-hosting/,news_article,The best WordPress hosting services of 2026: Expert tested and reviewed,"Sat, 21 Feb 2026 10:00:53 GMT",ZDNet,https://www.zdnet.com/news/rss.xml,general_tech,0.5,2026-02-22 15:51:33.323142
These top 30 AI agents deliver a mix of functions and autonomy,https://www.zdnet.com/article/top-30-ai-agents-offer-mixed-functionality-autonomy/,news_article,These top 30 AI agents deliver a mix of functions and autonomy,"Sat, 21 Feb 2026 02:00:43 GMT",ZDNet,https://www.zdnet.com/news/rss.xml,ai_activity,0.6,2026-02-22 15:51:33.323148
"Skip the $1,500 laptop - why Mini PCs are the way to go as RAM prices skyrocket",https://www.zdnet.com/article/lenovo-ideacentre-mini-x-review/,news_article,"Skip the $1,500 laptop - why Mini PCs are the way to go as RAM prices skyrocket","Sat, 21 Feb 2026 01:30:47 GMT",ZDNet,https://www.zdnet.com/news/rss.xml,general_tech,0.5,2026-02-22 15:51:33.323153
I put a privacy screen on my Galaxy S25 Ultra but quickly regretted it - here's why,https://www.zdnet.com/article/privacy-screen-protector-s25-ultra/,news_article,I put a privacy screen on my Galaxy S25 Ultra but quickly regretted it - here's why,"Sat, 21 Feb 2026 01:15:45 GMT",ZDNet,https://www.zdnet.com/news/rss.xml,general_tech,0.5,2026-02-22 15:51:33.323159
Google Pixel 10a vs. Pixel 10: Which of Google's latest phones is best for you?,https://www.zdnet.com/article/google-pixel-10a-vs-pixel-10/,news_article,Google Pixel 10a vs. Pixel 10: Which of Google's latest phones is best for you?,"Fri, 20 Feb 2026 21:15:00 GMT",ZDNet,https://www.zdnet.com/news/rss.xml,general_tech,0.5,2026-02-22 15:51:33.323165
You can control your Linux PC from your Android phone - here's how,https://www.zdnet.com/article/how-to-control-linux-pc-from-your-android-phone-kde-connect/,news_article,You can control your Linux PC from your Android phone - here's how,"Fri, 20 Feb 2026 21:06:45 GMT",ZDNet,https://www.zdnet.com/news/rss.xml,general_tech,0.5,2026-02-22 15:51:33.323171
14 surprising ways to use your iPhone's USB-C port - beyond just charging,https://www.zdnet.com/article/iphone-usb-c-port-uses-beyond-charging/,news_article,14 surprising ways to use your iPhone's USB-C port - beyond just charging,"Fri, 20 Feb 2026 20:10:00 GMT",ZDNet,https://www.zdnet.com/news/rss.xml,general_tech,0.5,2026-02-22 15:51:33.323176
I replaced my old Sony headphones with this $75 alternative - and I can't go back,https://www.zdnet.com/article/cmf-headphone-pro-review/,news_article,I replaced my old Sony headphones with this $75 alternative - and I can't go back,"Fri, 20 Feb 2026 19:55:30 GMT",ZDNet,https://www.zdnet.com/news/rss.xml,general_tech,0.5,2026-02-22 15:51:33.323182
Fact-checking Google's AI Overviews just got a little easier - here's how,https://www.zdnet.com/article/google-ai-overviews-ai-mode-original-sources/,news_article,Fact-checking Google's AI Overviews just got a little easier - here's how,"Fri, 20 Feb 2026 18:27:00 GMT",ZDNet,https://www.zdnet.com/news/rss.xml,ai_activity,0.6,2026-02-22 15:51:33.323194
"I tested Google Docs' new AI audio summaries, and they're a massive time-saver",https://www.zdnet.com/article/gemini-google-docs-audio-summary/,news_article,"I tested Google Docs' new AI audio summaries, and they're a massive time-saver","Fri, 20 Feb 2026 17:44:48 GMT",ZDNet,https://www.zdnet.com/news/rss.xml,ai_activity,0.6,2026-02-22 15:51:33.323200
Is an AI subscription worth it? How to choose your premium chatbot plan - and what not to do,https://www.zdnet.com/article/how-to-choose-ai-chatbot-when-to-upgrade-from-free/,news_article,Is an AI subscription worth it? How to choose your premium chatbot plan - and what not to do,"Fri, 20 Feb 2026 16:48:00 GMT",ZDNet,https://www.zdnet.com/news/rss.xml,ai_activity,0.6,2026-02-22 15:51:33.323205
How to change your DNS service on a Windows PC or Mac - and why you should,https://www.zdnet.com/article/how-to-change-dns-windows-mac-why/,news_article,How to change your DNS service on a Windows PC or Mac - and why you should,"Fri, 20 Feb 2026 15:22:00 GMT",ZDNet,https://www.zdnet.com/news/rss.xml,general_tech,0.5,2026-02-22 15:51:33.323211
6 top free secure DNS services I trust - and why I always encrypt my web browsing,https://www.zdnet.com/article/favorite-dns-services-security/,news_article,6 top free secure DNS services I trust - and why I always encrypt my web browsing,"Fri, 20 Feb 2026 15:16:00 GMT",ZDNet,https://www.zdnet.com/news/rss.xml,general_tech,0.5,2026-02-22 15:51:33.323216
Need more free TV? How to stream over 100 classic cartoons for $0 - no subscription required,https://www.zdnet.com/article/free-tv-streaming-classic-cartoons/,news_article,Need more free TV? How to stream over 100 classic cartoons for $0 - no subscription required,"Fri, 20 Feb 2026 14:43:18 GMT",ZDNet,https://www.zdnet.com/news/rss.xml,general_tech,0.5,2026-02-22 15:51:33.323222
I'm bringing my old clothes back to life with this quirky $30 device,https://www.zdnet.com/article/conair-fabric-shaver-refresh-wardrobe-cheap/,news_article,I'm bringing my old clothes back to life with this quirky $30 device,"Fri, 20 Feb 2026 14:40:00 GMT",ZDNet,https://www.zdnet.com/news/rss.xml,general_tech,0.5,2026-02-22 15:51:33.323227
